household_key,group,treatment,recency_days,pre_baskets,pre_sales,pre_quantity,pre_target_purchase_count,pre_target_sales,pre_coupon_redemptions,pre_campaign_count_raw,has_demographic,target_sales,target_quantity,target_purchase_count,total_sales,baskets,recency_days_filled,target_purchase,any_purchase,pre_recency_capped,log_pre_baskets,log_pre_sales,pre_target_share,pre_coupon_user,pre_campaign_count_c
3,대조,0,27.0,3.0,138.07,84.0,0.0,0.0,0.0,3.0,0,0.0,0.0,0.0,0.0,0.0,27.0,0,0,27.0,1.3862943611198906,4.934977403490519,0.0,0,3.0
4,대조,0,19.0,1.0,22.54,14.0,0.0,0.0,0.0,1.0,0,0.0,0.0,0.0,119.39,3.0,19.0,0,1,19.0,0.6931471805599453,3.1587011018321305,0.0,0,1.0
16,대조,0,21.0,4.0,35.45,14.0,0.0,0.0,0.0,2.0,1,0.0,0.0,0.0,24.05,2.0,21.0,0,1,21.0,1.6094379124341003,3.5959414584546674,0.0,0,2.0
26,대조,0,1.0,8.0,79.93,65.0,0.0,0.0,0.0,1.0,0,0.0,0.0,0.0,83.63,6.0,1.0,0,1,1.0,2.1972245773362196,4.393584583507611,0.0,0,1.0
29,대조,0,25.0,2.0,32.46,7.0,0.0,0.0,0.0,5.0,0,0.0,0.0,0.0,47.58,3.0,25.0,0,1,25.0,1.0986122886681098,3.510350695558678,0.0,0,5.0
31,대조,0,7.0,16.0,940.28,57123.0,1.0,7.99,0.0,0.0,1,79.91,9.0,5.0,558.61,9.0,7.0,1,1,7.0,2.833213344056216,6.847240651116146,0.008497468839069214,0,0.0
38,대조,0,52.0,3.0,108.93,28.0,0.0,0.0,0.0,1.0,0,0.0,0.0,0.0,0.0,0.0,52.0,0,0,52.0,1.3862943611198906,4.699843799590773,0.0,0,1.0
39,대조,0,16.0,11.0,629.1800000000001,295.0,1.0,9.99,0.0,4.0,1,0.0,0.0,0.0,208.83,4.0,16.0,0,1,16.0,2.4849066497880004,6.4460054928627395,0.01587780921199021,0,4.0
45,대조,0,16.0,1.0,6.5,4.0,0.0,0.0,0.0,1.0,0,0.0,0.0,0.0,0.0,0.0,16.0,0,0,16.0,0.6931471805599453,2.0149030205422647,0.0,0,1.0
56,대조,0,2.0,27.0,728.66,313.0,0.0,0.0,0.0,1.0,1,0.0,0.0,0.0,416.16,16.0,2.0,0,1,2.0,3.332204510175204,6.592578672220963,0.0,0,1.0
80,처치,1,1.0,13.0,426.05,37522.0,1.0,0.42,0.0,1.0,1,31.96,4.0,1.0,431.77,9.0,1.0,1,1,1.0,2.6390573296152584,6.056901102392156,0.0009857997887571881,0,1.0
81,대조,0,3.0,9.0,82.27,38.0,0.0,0.0,0.0,4.0,0,15.99,1.0,1.0,215.28,8.0,3.0,1,1,3.0,2.302585092994046,4.422088340247728,0.0,0,4.0
83,대조,0,3.0,16.0,114.78999999999999,62.0,0.0,0.0,0.0,1.0,0,0.0,0.0,0.0,83.02,7.0,3.0,0,1,3.0,2.833213344056216,4.7517782056241815,0.0,0,1.0
92,대조,0,5.0,11.0,539.95,286.0,0.0,0.0,0.0,1.0,0,0.0,0.0,0.0,117.9,3.0,5.0,0,1,5.0,2.4849066497880004,6.293326853133583,0.0,0,1.0
96,대조,0,,0.0,0.0,0.0,0.0,0.0,0.0,2.0,0,0.0,0.0,0.0,0.0,0.0,90.0,0,0,90.0,0.0,0.0,0.0,0,2.0
98,대조,0,1.0,45.0,800.27,553.0,0.0,0.0,0.0,2.0,1,0.0,0.0,0.0,372.8,30.0,1.0,0,1,1.0,3.828641396489095,6.686197968921799,0.0,0,2.0
103,대조,0,8.0,2.0,50.56,13.0,0.0,0.0,0.0,1.0,0,0.0,0.0,0.0,14.65,4.0,8.0,0,1,8.0,1.0986122886681098,3.9427461780709865,0.0,0,1.0
108,대조,0,12.0,7.0,316.76,14961.0,0.0,0.0,0.0,4.0,0,0.0,0.0,0.0,44.72,3.0,12.0,0,1,12.0,2.0794415416798357,5.761296380856808,0.0,0,4.0
112,대조,0,17.0,8.0,105.56,25513.0,0.0,0.0,0.0,1.0,0,0.0,0.0,0.0,107.91,7.0,17.0,0,1,17.0,2.1972245773362196,4.668708206792079,0.0,0,1.0
116,대조,0,9.0,9.0,63.449999999999996,57.0,0.0,0.0,0.0,2.0,0,0.0,0.0,0.0,40.01,5.0,9.0,0,1,9.0,2.302585092994046,4.165889729385197,0.0,0,2.0
137,대조,0,,0.0,0.0,0.0,0.0,0.0,0.0,1.0,0,0.0,0.0,0.0,43.730000000000004,3.0,90.0,0,1,90.0,0.0,0.0,0.0,0,1.0
138,대조,0,2.0,13.0,841.86,342.0,0.0,0.0,0.0,2.0,0,0.0,0.0,0.0,195.97,7.0,2.0,0,1,2.0,2.6390573296152584,6.73680087066326,0.0,0,2.0
140,대조,0,20.0,8.0,73.71,25.0,0.0,0.0,0.0,3.0,0,0.0,0.0,0.0,20.23,3.0,20.0,0,1,20.0,2.1972245773362196,4.31361395198771,0.0,0,3.0
145,대조,0,17.0,7.0,200.31,83.0,1.0,25.99,0.0,1.0,0,0.0,0.0,0.0,60.25,2.0,17.0,0,1,17.0,2.0794415416798357,5.304846008510737,0.12974888922170635,0,1.0
151,대조,0,8.0,3.0,47.51,20.0,0.0,0.0,0.0,1.0,0,0.0,0.0,0.0,23.51,1.0,8.0,0,1,8.0,1.3862943611198906,3.8817699622571253,0.0,0,1.0
155,대조,0,1.0,8.0,303.96,136.0,0.0,0.0,0.0,2.0,1,0.0,0.0,0.0,82.67,3.0,1.0,0,1,1.0,2.1972245773362196,5.720180620465837,0.0,0,2.0
160,대조,0,4.0,10.0,166.05,12344.0,0.0,0.0,0.0,1.0,0,0.0,0.0,0.0,108.89,5.0,4.0,0,1,4.0,2.3978952727983707,5.118293168802766,0.0,0,1.0
179,대조,0,81.0,1.0,52.08,23.0,0.0,0.0,0.0,1.0,0,0.0,0.0,0.0,0.0,0.0,81.0,0,0,81.0,0.6931471805599453,3.9718002094640066,0.0,0,1.0
180,대조,0,17.0,4.0,41.769999999999996,16.0,0.0,0.0,0.0,2.0,0,0.0,0.0,0.0,160.64,4.0,17.0,0,1,17.0,1.6094379124341003,3.7558369222388173,0.0,0,2.0
181,대조,0,11.0,7.0,304.19,18066.0,0.0,0.0,0.0,2.0,0,0.0,0.0,0.0,0.0,0.0,11.0,0,0,11.0,2.0794415416798357,5.720934533473766,0.0,0,2.0
184,대조,0,3.0,48.0,1130.04,72588.0,0.0,0.0,4.0,5.0,1,0.0,0.0,0.0,425.6,16.0,3.0,0,1,3.0,3.8918202981106265,7.030892842422644,0.0,1,5.0
185,대조,0,10.0,7.0,134.13,21365.0,0.0,0.0,0.0,1.0,0,0.0,0.0,0.0,24.060000000000002,1.0,10.0,0,1,10.0,2.0794415416798357,4.9062372780499945,0.0,0,1.0
187,대조,0,60.0,3.0,25.83,11.0,0.0,0.0,0.0,2.0,0,0.0,0.0,0.0,33.480000000000004,4.0,60.0,0,1,60.0,1.3862943611198906,3.2895206644375325,0.0,0,2.0
188,대조,0,10.0,2.0,5.18,6.0,0.0,0.0,0.0,2.0,0,0.0,0.0,0.0,2.0,1.0,10.0,0,1,10.0,1.0986122886681098,1.8213182714695995,0.0,0,2.0
194,대조,0,7.0,7.0,218.55,97.0,0.0,0.0,0.0,1.0,0,0.0,0.0,0.0,20.92,1.0,7.0,0,1,7.0,2.0794415416798357,5.391579997007726,0.0,0,1.0
195,대조,0,5.0,9.0,420.49,43232.0,0.0,0.0,0.0,2.0,0,0.0,0.0,0.0,35.72,1.0,5.0,0,1,5.0,2.302585092994046,6.043796052368065,0.0,0,2.0
200,처치,1,11.0,20.0,240.73,99.0,0.0,0.0,0.0,0.0,0,0.0,0.0,0.0,455.62,20.0,11.0,0,1,11.0,3.044522437723423,5.487821400818009,0.0,0,0.0
215,대조,0,4.0,28.0,341.96,178.0,0.0,0.0,2.0,1.0,0,0.0,0.0,0.0,160.93,12.0,4.0,0,1,4.0,3.367295829986474,5.837613822289722,0.0,1,1.0
216,대조,0,5.0,26.0,729.77,195.0,0.0,0.0,0.0,2.0,1,0.0,0.0,0.0,235.5,10.0,5.0,0,1,5.0,3.295836866004329,6.59409877275812,0.0,0,2.0
226,대조,0,,0.0,0.0,0.0,0.0,0.0,0.0,1.0,0,0.0,0.0,0.0,5.79,1.0,90.0,0,1,90.0,0.0,0.0,0.0,0,1.0
236,대조,0,47.0,3.0,105.72999999999999,33.0,0.0,0.0,0.0,2.0,0,0.0,0.0,0.0,68.39,2.0,47.0,0,1,47.0,1.3862943611198906,4.670302280925873,0.0,0,2.0
245,대조,0,4.0,10.0,229.35,29177.0,0.0,0.0,0.0,1.0,0,0.0,0.0,0.0,365.0,4.0,4.0,0,1,4.0,2.3978952727983707,5.439599891381926,0.0,0,1.0
257,대조,0,4.0,14.0,616.77,308.0,0.0,0.0,0.0,3.0,1,0.0,0.0,0.0,125.06,7.0,4.0,0,1,4.0,2.70805020110221,6.426116219901098,0.0,0,3.0
265,대조,0,20.0,2.0,18.27,6.0,0.0,0.0,0.0,3.0,0,0.0,0.0,0.0,64.38,2.0,20.0,0,1,20.0,1.0986122886681098,2.958549482426275,0.0,0,3.0
266,대조,0,17.0,6.0,409.32,14035.0,0.0,0.0,0.0,2.0,0,0.0,0.0,0.0,135.54,3.0,17.0,0,1,17.0,1.9459101490553132,6.016937343081013,0.0,0,2.0
271,대조,0,66.0,2.0,37.24,9.0,0.0,0.0,0.0,4.0,0,0.0,0.0,0.0,53.8,2.0,66.0,0,1,66.0,1.0986122886681098,3.643882088183201,0.0,0,4.0
278,대조,0,14.0,10.0,173.45,51.0,0.0,0.0,0.0,3.0,0,0.0,0.0,0.0,28.43,3.0,14.0,0,1,14.0,2.3978952727983707,5.161638167632783,0.0,0,3.0
279,대조,0,8.0,5.0,246.39,18744.0,0.0,0.0,0.0,1.0,0,0.0,0.0,0.0,113.43,3.0,8.0,0,1,8.0,1.791759469228055,5.5109660387695945,0.0,0,1.0
280,대조,0,4.0,17.0,270.63,12243.0,0.0,0.0,0.0,1.0,0,0.0,0.0,0.0,225.27,8.0,4.0,0,1,4.0,2.8903717578961645,5.604440846138421,0.0,0,1.0
286,대조,0,16.0,4.0,93.72,70.0,0.0,0.0,0.0,1.0,0,0.0,0.0,0.0,178.66,4.0,16.0,0,1,16.0,1.6094379124341003,4.550925171135695,0.0,0,1.0
288,대조,0,3.0,10.0,295.61,48036.0,0.0,0.0,0.0,3.0,0,0.0,0.0,0.0,100.27,4.0,3.0,0,1,3.0,2.3978952727983707,5.692418144577151,0.0,0,3.0
297,대조,0,11.0,12.0,608.64,286.0,0.0,0.0,0.0,2.0,0,0.0,0.0,0.0,668.31,16.0,11.0,0,1,11.0,2.5649493574615367,6.412868619017649,0.0,0,2.0
302,대조,0,6.0,14.0,174.04,51.0,0.0,0.0,0.0,1.0,1,0.0,0.0,0.0,129.18,11.0,6.0,0,1,6.0,2.70805020110221,5.165014519233616,0.0,0,1.0
312,대조,0,22.0,6.0,162.56,50.0,0.0,0.0,0.0,2.0,0,0.0,0.0,0.0,124.17,1.0,22.0,0,1,22.0,1.9459101490553132,5.097179895496441,0.0,0,2.0
314,처치,1,6.0,8.0,577.26,347.0,0.0,0.0,0.0,0.0,1,0.0,0.0,0.0,175.72,1.0,6.0,0,1,6.0,2.1972245773362196,6.360023594520166,0.0,0,0.0
331,대조,0,11.0,13.0,264.9,88.0,0.0,0.0,0.0,2.0,0,0.0,0.0,0.0,73.36,3.0,11.0,0,1,11.0,2.6390573296152584,5.583120298248974,0.0,0,2.0
333,대조,0,24.0,3.0,119.27,51.0,0.0,0.0,0.0,1.0,0,0.0,0.0,0.0,0.0,0.0,24.0,0,0,24.0,1.3862943611198906,4.789739215322525,0.0,0,1.0
336,대조,0,5.0,35.0,1101.72,35997.0,0.0,0.0,0.0,2.0,0,0.0,0.0,0.0,94.05,2.0,5.0,0,1,5.0,3.58351893845611,7.00553513389951,0.0,0,2.0
337,대조,0,5.0,9.0,152.15,89.0,0.0,0.0,0.0,1.0,0,0.0,0.0,0.0,41.66,2.0,5.0,0,1,5.0,2.302585092994046,5.031417833278784,0.0,0,1.0
342,대조,0,2.0,10.0,373.36,191.0,0.0,0.0,0.0,1.0,0,0.0,0.0,0.0,138.54,6.0,2.0,0,1,2.0,2.3978952727983707,5.925217901289056,0.0,0,1.0
343,대조,0,13.0,4.0,106.16,27.0,0.0,0.0,0.0,1.0,0,0.0,0.0,0.0,62.5,2.0,13.0,0,1,13.0,1.6094379124341003,4.674323044676408,0.0,0,1.0
348,대조,0,4.0,22.0,838.46,463.0,0.0,0.0,0.0,1.0,0,0.0,0.0,0.0,423.28,28.0,4.0,0,1,4.0,3.1354942159291497,6.7327588279732495,0.0,0,1.0
356,대조,0,11.0,29.0,380.88,22026.0,0.0,0.0,0.0,1.0,0,0.0,0.0,0.0,118.26,6.0,11.0,0,1,11.0,3.4011973816621555,5.9451064231298325,0.0,0,1.0
368,대조,0,20.0,1.0,8.72,3.0,0.0,0.0,0.0,3.0,0,0.0,0.0,0.0,15.47,1.0,20.0,0,1,20.0,0.6931471805599453,2.2741856184723477,0.0,0,3.0
381,대조,0,2.0,12.0,524.79,210.0,2.0,19.98,0.0,5.0,1,15.99,1.0,1.0,24.82,1.0,2.0,1,1,2.0,2.5649493574615367,6.264901893476659,0.03807237180586521,0,5.0
396,대조,0,9.0,13.0,289.27,23947.0,0.0,0.0,0.0,3.0,0,0.0,0.0,0.0,203.1,8.0,9.0,0,1,9.0,2.6390573296152584,5.670811524319501,0.0,0,3.0
402,대조,0,4.0,6.0,179.52,68.0,0.0,0.0,0.0,2.0,0,0.0,0.0,0.0,94.56,5.0,4.0,0,1,4.0,1.9459101490553132,5.1958415749588,0.0,0,2.0
403,대조,0,6.0,7.0,99.51,26.0,0.0,0.0,0.0,1.0,0,0.0,0.0,0.0,66.3,4.0,6.0,0,1,6.0,2.0794415416798357,4.610257225036649,0.0,0,1.0
408,대조,0,37.0,5.0,177.07,49.0,0.0,0.0,0.0,4.0,0,0.0,0.0,0.0,314.91,4.0,37.0,0,1,37.0,1.791759469228055,5.182176731413223,0.0,0,4.0
410,대조,0,3.0,32.0,257.08,160.0,0.0,0.0,0.0,1.0,1,0.0,0.0,0.0,77.32000000000001,8.0,3.0,0,1,3.0,3.4965075614664802,5.553269614376899,0.0,0,1.0
430,대조,0,2.0,23.0,776.54,299.0,4.0,53.95,0.0,1.0,0,23.98,2.0,2.0,134.79,6.0,2.0,1,1,2.0,3.1780538303479458,6.656135089675378,0.0694748499755325,0,1.0
432,대조,0,4.0,43.0,505.38,26378.0,0.0,0.0,0.0,2.0,1,0.0,0.0,0.0,156.9,17.0,4.0,0,1,4.0,3.784189633918261,6.227287375579265,0.0,0,2.0
433,대조,0,15.0,10.0,63.36,42.0,0.0,0.0,0.0,2.0,0,0.0,0.0,0.0,56.17,4.0,15.0,0,1,15.0,2.3978952727983707,4.1644923221241825,0.0,0,2.0
436,대조,0,18.0,3.0,354.36,134.0,0.0,0.0,0.0,1.0,0,0.0,0.0,0.0,88.46000000000001,1.0,18.0,0,1,18.0,1.3862943611198906,5.873131360146117,0.0,0,1.0
437,처치,1,6.0,13.0,463.48,40757.0,7.0,28.01,0.0,7.0,1,11.67,4.0,4.0,278.11,7.0,6.0,1,1,6.0,2.6390573296152584,6.14091850027632,0.06043410718909122,0,6.0
439,대조,0,3.0,3.0,26.69,14.0,0.0,0.0,0.0,1.0,0,0.0,0.0,0.0,36.160000000000004,2.0,3.0,0,1,3.0,1.3862943611198906,3.3210713371828704,0.0,0,1.0
441,대조,0,11.0,16.0,389.06,155.0,0.0,0.0,0.0,1.0,1,0.0,0.0,0.0,134.39000000000001,5.0,11.0,0,1,11.0,2.833213344056216,5.966300573444433,0.0,0,1.0
442,대조,0,1.0,63.0,768.04,69096.0,0.0,0.0,0.0,2.0,1,0.0,0.0,0.0,150.02,27.0,1.0,0,1,1.0,4.1588830833596715,6.645142983757561,0.0,0,2.0
447,대조,0,40.0,3.0,44.06,11214.0,0.0,0.0,0.0,4.0,0,0.0,0.0,0.0,29.36,1.0,40.0,0,1,40.0,1.3862943611198906,3.8079949350040985,0.0,0,4.0
462,대조,0,1.0,15.0,271.4,107.0,0.0,0.0,0.0,1.0,1,0.0,0.0,0.0,87.96,4.0,1.0,0,1,1.0,2.772588722239781,5.607271574275357,0.0,0,1.0
475,대조,0,10.0,4.0,126.23,72.0,0.0,0.0,0.0,1.0,0,0.0,0.0,0.0,145.11,6.0,10.0,0,1,10.0,1.6094379124341003,4.845996472154609,0.0,0,1.0
476,처치,1,73.0,4.0,44.72,10.0,0.0,0.0,0.0,0.0,0,0.0,0.0,0.0,1.5,1.0,73.0,0,1,73.0,1.6094379124341003,3.8225358389266098,0.0,0,0.0
479,대조,0,53.0,4.0,212.98,137.0,0.0,0.0,0.0,2.0,0,0.0,0.0,0.0,51.09,5.0,53.0,0,1,53.0,1.6094379124341003,5.3658825527104606,0.0,0,2.0
480,대조,0,1.0,13.0,402.89,28491.0,0.0,0.0,0.0,4.0,0,0.0,0.0,0.0,263.28000000000003,5.0,1.0,0,1,1.0,2.6390573296152584,6.001142563659253,0.0,0,4.0
481,대조,0,6.0,1.0,43.769999999999996,34.0,0.0,0.0,0.0,1.0,0,0.0,0.0,0.0,11.07,1.0,6.0,0,1,6.0,0.6931471805599453,3.801538272252874,0.0,0,1.0
489,대조,0,2.0,44.0,794.89,86453.0,0.0,0.0,0.0,6.0,1,0.0,0.0,0.0,490.04,28.0,2.0,0,1,2.0,3.8066624897703196,6.679460985340359,0.0,0,6.0
507,대조,0,7.0,7.0,153.91,13354.0,0.0,0.0,0.0,1.0,0,0.0,0.0,0.0,10.47,2.0,7.0,0,1,7.0,2.0794415416798357,5.0428443031182715,0.0,0,1.0
508,대조,0,4.0,8.0,87.75,54.0,0.0,0.0,0.0,1.0,0,0.0,0.0,0.0,128.72,4.0,4.0,0,1,4.0,2.1972245773362196,4.485823428355525,0.0,0,1.0
519,대조,0,3.0,2.0,46.35,20.0,0.0,0.0,0.0,1.0,0,0.0,0.0,0.0,6.96,2.0,3.0,0,1,3.0,1.0986122886681098,3.8575668196320874,0.0,0,1.0
529,대조,0,84.0,1.0,13.04,8.0,0.0,0.0,0.0,2.0,0,0.0,0.0,0.0,0.0,0.0,84.0,0,0,84.0,0.6931471805599453,2.641910398597665,0.0,0,2.0
530,대조,0,4.0,4.0,129.22,56.0,0.0,0.0,0.0,1.0,0,0.0,0.0,0.0,63.02,2.0,4.0,0,1,4.0,1.6094379124341003,4.869225327808716,0.0,0,1.0
533,대조,0,10.0,8.0,228.13,126.0,0.0,0.0,0.0,2.0,0,0.0,0.0,0.0,202.52,5.0,10.0,0,1,10.0,2.1972245773362196,5.434289528071251,0.0,0,2.0
536,대조,0,1.0,14.0,219.43,136.0,0.0,0.0,0.0,4.0,0,0.0,0.0,0.0,2.69,1.0,1.0,0,1,1.0,2.70805020110221,5.395580184168247,0.0,0,4.0
537,대조,0,40.0,1.0,0.0,0.0,0.0,0.0,0.0,1.0,0,0.0,0.0,0.0,119.45,4.0,40.0,0,1,40.0,0.6931471805599453,0.0,0.0,0,1.0
540,대조,0,1.0,35.0,1186.4,52283.0,0.0,0.0,0.0,1.0,1,0.0,0.0,0.0,277.13,5.0,1.0,0,1,1.0,3.58351893845611,7.079521321836575,0.0,0,1.0
541,대조,0,9.0,7.0,319.55,150.0,0.0,0.0,0.0,1.0,0,0.0,0.0,0.0,77.48,4.0,9.0,0,1,9.0,2.0794415416798357,5.7700382704332664,0.0,0,1.0
563,대조,0,6.0,6.0,175.85,15394.0,0.0,0.0,0.0,1.0,0,0.0,0.0,0.0,108.97,3.0,6.0,0,1,6.0,1.9459101490553132,5.17530191565149,0.0,0,1.0
566,대조,0,87.0,1.0,17.46,5.0,0.0,0.0,0.0,1.0,0,0.0,0.0,0.0,0.0,0.0,87.0,0,0,87.0,0.6931471805599453,2.9156062290747062,0.0,0,1.0
567,대조,0,1.0,66.0,1039.19,11927.0,0.0,0.0,0.0,3.0,1,0.0,0.0,0.0,265.52,15.0,1.0,0,1,1.0,4.204692619390966,6.947158667756903,0.0,0,3.0
570,대조,0,25.0,10.0,398.51,160.0,18.0,12.4,0.0,1.0,0,0.0,0.0,0.0,0.0,0.0,25.0,0,0,25.0,2.3978952727983707,5.9902387961821635,0.031115906752653636,0,1.0
572,대조,0,87.0,3.0,99.27,22.0,0.0,0.0,0.0,2.0,0,0.0,0.0,0.0,0.0,0.0,87.0,0,0,87.0,1.3862943611198906,4.607866547535834,0.0,0,2.0
573,대조,0,3.0,8.0,144.96,63.0,0.0,0.0,0.0,3.0,0,0.0,0.0,0.0,49.0,3.0,3.0,0,1,3.0,2.1972245773362196,4.983332611568247,0.0,0,3.0
577,대조,0,23.0,3.0,392.82,156.0,1.0,4.98,1.0,1.0,0,0.0,0.0,0.0,402.23,3.0,23.0,0,1,23.0,1.3862943611198906,5.9758939521170245,0.01267756224224836,1,1.0
580,대조,0,6.0,12.0,159.24,44.0,0.0,0.0,0.0,2.0,0,0.0,0.0,0.0,71.86,6.0,6.0,0,1,6.0,2.5649493574615367,5.076672691357563,0.0,0,2.0
581,대조,0,2.0,32.0,629.67,337.0,1.0,1.98,0.0,3.0,0,0.0,0.0,0.0,154.3,8.0,2.0,0,1,2.0,3.4965075614664802,6.446782746342008,0.0031445042641383585,0,3.0
584,대조,0,68.0,1.0,20.0,9305.0,0.0,0.0,0.0,1.0,0,0.0,0.0,0.0,0.0,0.0,68.0,0,0,68.0,0.6931471805599453,3.044522437723423,0.0,0,1.0
597,대조,0,3.0,14.0,613.71,236.0,0.0,0.0,0.0,3.0,1,0.0,0.0,0.0,365.33,8.0,3.0,0,1,3.0,2.70805020110221,6.4211506118788995,0.0,0,3.0
604,대조,0,11.0,7.0,225.63,97.0,0.0,0.0,0.0,1.0,0,0.0,0.0,0.0,88.42999999999999,3.0,11.0,0,1,11.0,2.0794415416798357,5.423318731710839,0.0,0,1.0
606,대조,0,2.0,13.0,526.09,230.0,0.0,0.0,0.0,3.0,1,0.0,0.0,0.0,92.18,4.0,2.0,0,1,2.0,2.6390573296152584,6.267371311949076,0.0,0,3.0
612,대조,0,4.0,26.0,714.97,65536.0,0.0,0.0,0.0,3.0,0,0.0,0.0,0.0,330.03000000000003,13.0,4.0,0,1,4.0,3.295836866004329,6.573638266641499,0.0,0,3.0
634,대조,0,,0.0,0.0,0.0,0.0,0.0,0.0,3.0,0,0.0,0.0,0.0,0.0,0.0,90.0,0,0,90.0,0.0,0.0,0.0,0,3.0
635,대조,0,,0.0,0.0,0.0,0.0,0.0,0.0,1.0,0,0.0,0.0,0.0,8.969999999999999,1.0,90.0,0,1,90.0,0.0,0.0,0.0,0,1.0
650,대조,0,6.0,3.0,10.04,5.0,0.0,0.0,0.0,4.0,0,0.0,0.0,0.0,0.0,0.0,6.0,0,0,6.0,1.3862943611198906,2.401525040848949,0.0,0,4.0
653,대조,0,2.0,21.0,1188.73,52495.0,0.0,0.0,0.0,8.0,0,0.0,0.0,0.0,585.09,6.0,2.0,0,1,2.0,3.091042453358316,7.081481669605671,0.0,0,6.0
654,대조,0,4.0,27.0,329.21,172.0,0.0,0.0,0.0,2.0,0,0.0,0.0,0.0,123.66,15.0,4.0,0,1,4.0,3.332204510175204,5.79972881570341,0.0,0,2.0
665,대조,0,48.0,1.0,1.0,1.0,0.0,0.0,0.0,1.0,0,0.0,0.0,0.0,15.629999999999999,1.0,48.0,0,1,48.0,0.6931471805599453,0.6931471805599453,0.0,0,1.0
672,대조,0,3.0,10.0,200.46,132.0,0.0,0.0,0.0,1.0,1,0.0,0.0,0.0,63.56,5.0,3.0,0,1,3.0,2.3978952727983707,5.305590850514535,0.0,0,1.0
675,대조,0,5.0,27.0,502.83,27528.0,0.0,0.0,0.0,3.0,1,0.0,0.0,0.0,337.4,15.0,5.0,0,1,5.0,3.332204510175204,6.222238909585092,0.0,0,3.0
681,대조,0,8.0,10.0,374.53,24041.0,0.0,0.0,0.0,5.0,0,0.0,0.0,0.0,158.36,3.0,8.0,0,1,8.0,2.3978952727983707,5.928338361488242,0.0,0,5.0
688,대조,0,37.0,6.0,738.16,225.0,0.0,0.0,0.0,3.0,1,0.0,0.0,0.0,219.9,1.0,37.0,0,1,37.0,1.9459101490553132,6.605514406309225,0.0,0,3.0
694,대조,0,,0.0,0.0,0.0,0.0,0.0,0.0,2.0,0,0.0,0.0,0.0,84.44,5.0,90.0,0,1,90.0,0.0,0.0,0.0,0,2.0
698,대조,0,6.0,6.0,117.22,59.0,0.0,0.0,0.0,3.0,0,0.0,0.0,0.0,43.55,4.0,6.0,0,1,6.0,1.9459101490553132,4.772547295396223,0.0,0,3.0
700,대조,0,,0.0,0.0,0.0,0.0,0.0,0.0,2.0,0,0.0,0.0,0.0,20.67,1.0,90.0,0,1,90.0,0.0,0.0,0.0,0,2.0
716,대조,0,18.0,9.0,140.11,54.0,0.0,0.0,2.0,1.0,1,0.0,0.0,0.0,33.74,2.0,18.0,0,1,18.0,2.302585092994046,4.949539728069669,0.0,1,1.0
727,대조,0,17.0,13.0,621.46,315.0,5.0,5.88,0.0,3.0,0,0.0,0.0,0.0,321.52,13.0,17.0,0,1,17.0,2.6390573296152584,6.433679369246179,0.009461590448299166,0,3.0
729,대조,0,6.0,1.0,13.09,7.0,0.0,0.0,0.0,1.0,0,0.0,0.0,0.0,134.77,2.0,6.0,0,1,6.0,0.6931471805599453,2.645465325910589,0.0,0,1.0
730,대조,0,7.0,14.0,157.43,40.0,0.0,0.0,0.0,1.0,0,0.0,0.0,0.0,55.89,6.0,7.0,0,1,7.0,2.70805020110221,5.065312855386951,0.0,0,1.0
737,대조,0,1.0,10.0,272.62,131.0,0.0,0.0,0.0,1.0,0,0.0,0.0,0.0,112.21,3.0,1.0,0,1,1.0,2.3978952727983707,5.611740282491968,0.0,0,1.0
738,대조,0,14.0,6.0,288.61,146.0,4.0,5.0,0.0,5.0,0,0.0,0.0,0.0,73.51,3.0,14.0,0,1,14.0,1.9459101490553132,5.6685351903021415,0.017324417033366825,0,5.0
741,대조,0,3.0,16.0,380.01,23340.0,0.0,0.0,0.0,2.0,1,0.0,0.0,0.0,193.14000000000001,5.0,3.0,0,1,3.0,2.833213344056216,5.942825621501422,0.0,0,2.0
743,대조,0,2.0,13.0,178.02,123.0,0.0,0.0,0.0,2.0,0,0.0,0.0,0.0,64.12,6.0,2.0,0,1,2.0,2.6390573296152584,5.187497531442793,0.0,0,2.0
754,대조,0,6.0,6.0,178.72,89.0,0.0,0.0,0.0,4.0,0,0.0,0.0,0.0,71.8,3.0,6.0,0,1,6.0,1.9459101490553132,5.191400084201959,0.0,0,4.0
757,대조,0,9.0,7.0,311.54,10970.0,0.0,0.0,0.0,1.0,0,0.0,0.0,0.0,91.34,2.0,9.0,0,1,9.0,2.0794415416798357,5.744732460985155,0.0,0,1.0
759,대조,0,4.0,2.0,67.41,16.0,0.0,0.0,0.0,1.0,0,0.0,0.0,0.0,122.66,3.0,4.0,0,1,4.0,1.0986122886681098,4.2255190127729065,0.0,0,1.0
763,대조,0,6.0,2.0,22.52,13.0,0.0,0.0,0.0,2.0,0,0.0,0.0,0.0,245.91,4.0,6.0,0,1,6.0,1.0986122886681098,3.1578511230304263,0.0,0,2.0
764,대조,0,3.0,35.0,781.57,64640.0,0.0,0.0,3.0,1.0,1,0.0,0.0,0.0,253.4,8.0,3.0,0,1,3.0,3.58351893845611,6.662583375282291,0.0,1,1.0
769,대조,0,14.0,5.0,88.47,25.0,0.0,0.0,0.0,1.0,0,0.0,0.0,0.0,133.65,5.0,14.0,0,1,14.0,1.791759469228055,4.493903373559505,0.0,0,1.0
776,대조,0,5.0,11.0,216.08,89.0,0.0,0.0,0.0,4.0,0,0.0,0.0,0.0,147.71,7.0,5.0,0,1,5.0,2.4849066497880004,5.380265949195204,0.0,0,4.0
778,대조,0,11.0,9.0,38.44,28.0,0.0,0.0,0.0,3.0,0,0.0,0.0,0.0,59.84,1.0,11.0,0,1,11.0,2.302585092994046,3.6747805297344347,0.0,0,3.0
780,대조,0,,0.0,0.0,0.0,0.0,0.0,0.0,2.0,0,0.0,0.0,0.0,0.0,0.0,90.0,0,0,90.0,0.0,0.0,0.0,0,2.0
785,대조,0,3.0,24.0,365.56,141.0,0.0,0.0,0.0,1.0,1,0.0,0.0,0.0,137.81,9.0,3.0,0,1,3.0,3.2188758248682006,5.904162218705185,0.0,0,1.0
795,대조,0,34.0,2.0,17.6,7.0,0.0,0.0,0.0,1.0,0,0.0,0.0,0.0,0.0,0.0,34.0,0,0,34.0,1.0986122886681098,2.9231615807191558,0.0,0,1.0
831,대조,0,1.0,31.0,1535.63,469.0,0.0,0.0,0.0,0.0,1,0.0,0.0,0.0,470.27,7.0,1.0,0,1,1.0,3.4657359027997265,7.337346985866536,0.0,0,0.0
834,대조,0,9.0,2.0,8.73,5.0,0.0,0.0,0.0,2.0,0,0.0,0.0,0.0,0.0,0.0,9.0,0,0,9.0,1.0986122886681098,2.2752138961979136,0.0,0,2.0
836,대조,0,50.0,9.0,162.8,83.0,1.0,4.49,0.0,2.0,0,0.0,0.0,0.0,34.63,1.0,50.0,0,1,50.0,2.302585092994046,5.098646171418969,0.027579852579852578,0,2.0
841,처치,1,1.0,50.0,800.07,37243.0,11.0,6.94,0.0,0.0,0,21.11,50.0,35.0,125.67,7.0,1.0,1,1,1.0,3.9318256327243257,6.685948334011557,0.008674241003912158,0,0.0
854,대조,0,1.0,4.0,27.8,13.0,1.0,5.49,0.0,1.0,0,0.0,0.0,0.0,5.84,1.0,1.0,0,1,1.0,1.6094379124341003,3.3603753871419,0.19748201438848922,0,1.0
861,대조,0,57.0,5.0,174.97,71.0,0.0,0.0,0.0,1.0,0,0.0,0.0,0.0,0.0,0.0,57.0,0,0,57.0,1.791759469228055,5.17031352596367,0.0,0,1.0
862,대조,0,4.0,15.0,357.83,189.0,0.0,0.0,0.0,1.0,0,0.0,0.0,0.0,44.84,3.0,4.0,0,1,4.0,2.772588722239781,5.882848738729483,0.0,0,1.0
884,대조,0,13.0,7.0,135.36,35.0,0.0,0.0,0.0,0.0,0,0.0,0.0,0.0,0.0,0.0,13.0,0,0,13.0,2.0794415416798357,4.915298447269702,0.0,0,0.0
901,대조,0,3.0,9.0,477.11,267.0,0.0,0.0,0.0,3.0,0,0.0,0.0,0.0,171.59,6.0,3.0,0,1,3.0,2.302585092994046,6.169840831539652,0.0,0,3.0
903,대조,0,12.0,6.0,455.22,105.0,0.0,0.0,0.0,3.0,1,0.0,0.0,0.0,0.0,0.0,12.0,0,0,12.0,1.9459101490553132,6.122975149310193,0.0,0,3.0
906,대조,0,3.0,41.0,682.72,32641.0,0.0,0.0,0.0,5.0,1,0.0,0.0,0.0,201.6,12.0,3.0,0,1,3.0,3.7376696182833684,6.527548477088067,0.0,0,5.0
913,대조,0,2.0,6.0,128.08,40.0,0.0,0.0,0.0,2.0,0,0.0,0.0,0.0,19.21,2.0,2.0,0,1,2.0,1.9459101490553132,4.860432367183761,0.0,0,2.0
919,대조,0,2.0,11.0,109.78,77.0,0.0,0.0,0.0,1.0,0,0.0,0.0,0.0,76.98,9.0,2.0,0,1,2.0,2.4849066497880004,4.707546252604958,0.0,0,1.0
922,대조,0,3.0,26.0,563.82,20208.0,1.0,9.99,0.0,4.0,1,7.99,1.0,1.0,194.65,9.0,3.0,1,1,3.0,3.295836866004329,6.336507096316959,0.017718420772586993,0,4.0
923,대조,0,1.0,12.0,439.85,37310.0,0.0,0.0,0.0,2.0,0,0.0,0.0,0.0,135.35999999999999,7.0,1.0,0,1,1.0,2.5649493574615367,6.088704681533036,0.0,0,2.0
924,대조,0,6.0,13.0,300.55,103.0,0.0,0.0,0.0,3.0,0,0.0,0.0,0.0,145.01,4.0,6.0,0,1,6.0,2.6390573296152584,5.708935839896996,0.0,0,3.0
925,대조,0,3.0,5.0,29.0,17.0,0.0,0.0,0.0,1.0,0,0.0,0.0,0.0,36.2,10.0,3.0,0,1,3.0,1.791759469228055,3.4011973816621555,0.0,0,1.0
935,대조,0,11.0,3.0,150.21,12934.0,0.0,0.0,0.0,1.0,0,0.0,0.0,0.0,0.0,0.0,11.0,0,0,11.0,1.3862943611198906,5.0186695991245776,0.0,0,1.0
954,대조,0,46.0,5.0,192.68,109.0,0.0,0.0,2.0,3.0,0,0.0,0.0,0.0,206.85,4.0,46.0,0,1,46.0,1.791759469228055,5.2662073126298035,0.0,1,3.0
964,대조,0,11.0,20.0,318.74,164.0,0.0,0.0,0.0,1.0,0,0.0,0.0,0.0,48.22,4.0,11.0,0,1,11.0,3.044522437723423,5.7675081655367455,0.0,0,1.0
965,대조,0,52.0,3.0,162.57,92.0,0.0,0.0,0.0,1.0,0,0.0,0.0,0.0,94.44,1.0,52.0,0,1,52.0,1.3862943611198906,5.097241033270434,0.0,0,1.0
986,대조,0,19.0,13.0,263.65,116.0,0.0,0.0,0.0,2.0,1,0.0,0.0,0.0,70.28,4.0,19.0,0,1,19.0,2.6390573296152584,5.578408198303997,0.0,0,2.0
987,대조,0,19.0,9.0,350.88,165.0,0.0,0.0,0.0,3.0,0,0.0,0.0,0.0,106.25,1.0,19.0,0,1,19.0,2.302585092994046,5.863290208384473,0.0,0,3.0
995,대조,0,,0.0,0.0,0.0,0.0,0.0,0.0,3.0,0,0.0,0.0,0.0,0.0,0.0,90.0,0,0,90.0,0.0,0.0,0.0,0,3.0
996,대조,0,1.0,35.0,522.52,253.0,0.0,0.0,0.0,5.0,1,0.0,0.0,0.0,58.93,7.0,1.0,0,1,1.0,3.58351893845611,6.260575233974327,0.0,0,5.0
999,대조,0,5.0,6.0,192.8,75.0,0.0,0.0,0.0,3.0,0,0.0,0.0,0.0,239.47,5.0,5.0,0,1,5.0,1.9459101490553132,5.266826699456666,0.0,0,3.0
1003,대조,0,21.0,11.0,548.72,266.0,0.0,0.0,0.0,2.0,1,0.0,0.0,0.0,20.58,1.0,21.0,0,1,21.0,2.4849066497880004,6.3094090576866515,0.0,0,2.0
1012,대조,0,22.0,17.0,406.59,12941.0,0.0,0.0,1.0,4.0,1,0.0,0.0,0.0,63.06,1.0,22.0,0,1,22.0,2.8903717578961645,6.010261767190888,0.0,1,4.0
1016,대조,0,15.0,7.0,431.07,137.0,0.0,0.0,0.0,3.0,0,4.99,1.0,1.0,577.1,3.0,15.0,1,1,15.0,2.0794415416798357,6.068587612154564,0.0,0,3.0
1019,대조,0,2.0,3.0,115.42999999999999,31.0,0.0,0.0,0.0,1.0,0,0.0,0.0,0.0,84.45,4.0,2.0,0,1,2.0,1.3862943611198906,4.7572902340489245,0.0,0,1.0
1021,대조,0,6.0,24.0,330.59000000000003,100.0,0.0,0.0,0.0,1.0,1,0.0,0.0,0.0,0.0,0.0,6.0,0,0,6.0,3.2188758248682006,5.803899265990974,0.0,0,1.0
1025,대조,0,10.0,8.0,445.16,269.0,0.0,0.0,0.0,3.0,0,0.0,0.0,0.0,386.17,4.0,10.0,0,1,10.0,2.1972245773362196,6.1006776320812985,0.0,0,3.0
1047,대조,0,31.0,6.0,57.45,29.0,0.0,0.0,0.0,2.0,0,0.0,0.0,0.0,128.63,5.0,31.0,0,1,31.0,1.9459101490553132,4.068171687918078,0.0,0,2.0
1051,대조,0,7.0,6.0,178.75,99.0,0.0,0.0,0.0,1.0,0,0.0,0.0,0.0,189.23000000000002,3.0,7.0,0,1,7.0,1.9459101490553132,5.191566996601156,0.0,0,1.0
1055,대조,0,9.0,10.0,98.7,53.0,0.0,0.0,0.0,5.0,0,0.0,0.0,0.0,51.76,4.0,9.0,0,1,9.0,2.3978952727983707,4.602165676967792,0.0,0,5.0
1071,대조,0,7.0,14.0,522.29,347.0,0.0,0.0,0.0,3.0,0,0.0,0.0,0.0,38.77,2.0,7.0,0,1,7.0,2.70805020110221,6.260135803698153,0.0,0,3.0
1072,대조,0,18.0,9.0,267.86,237.0,0.0,0.0,0.0,2.0,0,0.0,0.0,0.0,282.01,5.0,18.0,0,1,18.0,2.302585092994046,5.594190798026107,0.0,0,2.0
1075,대조,0,22.0,4.0,23.03,7.0,0.0,0.0,0.0,1.0,0,0.0,0.0,0.0,129.86,7.0,22.0,0,1,22.0,1.6094379124341003,3.1793030497483774,0.0,0,1.0
1083,대조,0,6.0,10.0,266.15,5099.0,0.0,0.0,0.0,1.0,0,0.0,0.0,0.0,125.85,3.0,6.0,0,1,6.0,2.3978952727983707,5.58781029840378,0.0,0,1.0
1089,대조,0,9.0,6.0,70.42,2330.0,0.0,0.0,0.0,1.0,0,0.0,0.0,0.0,60.02,3.0,9.0,0,1,9.0,1.9459101490553132,4.268577942166303,0.0,0,1.0
1102,대조,0,7.0,10.0,193.35,81.0,0.0,0.0,0.0,2.0,0,0.0,0.0,0.0,291.51,5.0,7.0,0,1,7.0,2.3978952727983707,5.269660657298232,0.0,0,2.0
1110,대조,0,1.0,35.0,1486.81,399.0,0.0,0.0,0.0,0.0,0,5.59,5.0,3.0,365.88,9.0,1.0,1,1,1.0,3.58351893845611,7.3050605190681654,0.0,0,0.0
1116,대조,0,15.0,10.0,80.81,39.0,0.0,0.0,0.0,3.0,0,0.0,0.0,0.0,382.01,3.0,15.0,0,1,15.0,2.3978952727983707,4.404399485525607,0.0,0,3.0
1120,대조,0,12.0,9.0,209.34,117.0,0.0,0.0,0.0,1.0,1,0.0,0.0,0.0,40.27,4.0,12.0,0,1,12.0,2.302585092994046,5.348725269091882,0.0,0,1.0
1121,대조,0,1.0,8.0,337.44,124.0,0.0,0.0,0.0,2.0,0,0.0,0.0,0.0,331.75,3.0,1.0,0,1,1.0,2.1972245773362196,5.8243468240563,0.0,0,2.0
1124,대조,0,3.0,8.0,393.41,200.0,0.0,0.0,0.0,1.0,0,0.0,0.0,0.0,1.99,1.0,3.0,0,1,3.0,2.1972245773362196,5.977390977376623,0.0,0,1.0
1126,대조,0,5.0,3.0,360.55,164.0,0.0,0.0,0.0,2.0,0,0.0,0.0,0.0,117.82000000000001,2.0,5.0,0,1,5.0,1.3862943611198906,5.890400344620961,0.0,0,2.0
1132,대조,0,9.0,4.0,322.13,137.0,0.0,0.0,0.0,2.0,0,8.97,2.0,2.0,222.61,8.0,9.0,1,1,9.0,1.6094379124341003,5.778054719030789,0.0,0,2.0
1136,대조,0,9.0,8.0,135.2,62.0,1.0,12.99,0.0,2.0,0,0.0,0.0,0.0,196.39000000000001,8.0,9.0,0,1,9.0,2.1972245773362196,4.9141243937154115,0.09607988165680474,0,2.0
1141,대조,0,26.0,8.0,172.59,73.0,0.0,0.0,0.0,1.0,0,0.0,0.0,0.0,154.08,4.0,26.0,0,1,26.0,2.1972245773362196,5.156696196880458,0.0,0,1.0
1153,대조,0,4.0,11.0,132.38,89.0,0.0,0.0,0.0,1.0,0,0.0,0.0,0.0,0.0,0.0,4.0,0,0,4.0,2.4849066497880004,4.89320219720416,0.0,0,1.0
1159,대조,0,1.0,25.0,634.97,279.0,0.0,0.0,0.0,4.0,1,0.0,0.0,0.0,129.77,7.0,1.0,0,1,1.0,3.258096538021482,6.455151392416271,0.0,0,4.0
1174,대조,0,9.0,14.0,373.63,212.0,0.0,0.0,0.0,2.0,1,0.0,0.0,0.0,21.06,1.0,9.0,0,1,9.0,2.70805020110221,5.925938872227775,0.0,0,2.0
1180,처치,1,2.0,32.0,797.1,125275.0,0.0,0.0,0.0,3.0,0,0.0,0.0,0.0,141.69,9.0,2.0,0,1,2.0,3.4965075614664802,6.682233902881963,0.0,0,3.0
1181,대조,0,25.0,10.0,273.55,175.0,0.0,0.0,0.0,3.0,0,0.0,0.0,0.0,16.57,2.0,25.0,0,1,25.0,2.3978952727983707,5.615133393724881,0.0,0,3.0
1182,대조,0,6.0,7.0,99.13,78.0,0.0,0.0,0.0,3.0,0,0.0,0.0,0.0,136.23,6.0,6.0,0,1,6.0,2.0794415416798357,4.606469341719712,0.0,0,3.0
1184,대조,0,,0.0,0.0,0.0,0.0,0.0,0.0,1.0,0,0.0,0.0,0.0,0.0,0.0,90.0,0,0,90.0,0.0,0.0,0.0,0,1.0
1188,대조,0,2.0,33.0,629.79,449.0,0.0,0.0,0.0,2.0,1,0.0,0.0,0.0,270.82,10.0,2.0,0,1,2.0,3.5263605246161616,6.446973002078,0.0,0,2.0
1223,처치,1,11.0,15.0,659.26,246.0,1.0,23.79,0.0,0.0,0,0.0,0.0,0.0,14.27,2.0,11.0,0,1,11.0,2.772588722239781,6.4926336968406595,0.036085914510208414,0,0.0
1233,대조,0,25.0,3.0,105.08,10711.0,0.0,0.0,0.0,1.0,0,0.0,0.0,0.0,0.0,0.0,25.0,0,0,25.0,1.3862943611198906,4.664193526437552,0.0,0,1.0
1239,대조,0,80.0,1.0,133.1,52.0,0.0,0.0,0.0,2.0,0,0.0,0.0,0.0,84.82000000000001,1.0,80.0,0,1,80.0,0.6931471805599453,4.898585790287632,0.0,0,2.0
1246,대조,0,2.0,16.0,672.26,7288.0,1.0,9.99,0.0,3.0,0,0.0,0.0,0.0,181.02,6.0,2.0,0,1,2.0,2.833213344056216,6.51213158490483,0.014860321899265165,0,3.0
1251,대조,0,71.0,2.0,2.3200000000000003,2.0,0.0,0.0,0.0,1.0,0,0.0,0.0,0.0,10.74,1.0,71.0,0,1,71.0,1.0986122886681098,1.1999647829283973,0.0,0,1.0
1257,대조,0,17.0,10.0,488.34000000000003,15931.0,0.0,0.0,0.0,0.0,1,0.0,0.0,0.0,8.78,1.0,17.0,0,1,17.0,2.3978952727983707,6.193057544391747,0.0,0,0.0
1259,대조,0,7.0,7.0,208.2,152.0,0.0,0.0,0.0,1.0,0,0.0,0.0,0.0,0.0,0.0,7.0,0,0,7.0,2.0794415416798357,5.343290732190768,0.0,0,1.0
1269,대조,0,4.0,10.0,191.8,129.0,0.0,0.0,0.0,2.0,0,0.0,0.0,0.0,109.72,5.0,4.0,0,1,4.0,2.3978952727983707,5.261653382176445,0.0,0,2.0
1284,대조,0,4.0,41.0,474.07,267.0,0.0,0.0,0.0,2.0,0,0.0,0.0,0.0,295.79,14.0,4.0,0,1,4.0,3.7376696182833684,6.1634621615980345,0.0,0,2.0
1292,대조,0,5.0,3.0,41.36,15.0,0.0,0.0,0.0,1.0,0,0.0,0.0,0.0,0.0,0.0,5.0,0,0,5.0,1.3862943611198906,3.7462045207332055,0.0,0,1.0
1294,대조,0,4.0,5.0,624.78,274.0,0.0,0.0,1.0,2.0,0,0.0,0.0,0.0,429.59000000000003,4.0,4.0,0,1,4.0,1.791759469228055,6.438998871631718,0.0,1,2.0
1297,대조,0,4.0,26.0,634.97,15163.0,0.0,0.0,0.0,4.0,1,0.0,0.0,0.0,217.1,12.0,4.0,0,1,4.0,3.295836866004329,6.455151392416271,0.0,0,4.0
1300,대조,0,5.0,21.0,970.5,54012.0,0.0,0.0,0.0,1.0,1,7.99,1.0,1.0,207.0,5.0,5.0,1,1,5.0,3.091042453358316,6.878841268817495,0.0,0,1.0
1301,대조,0,25.0,2.0,97.82000000000001,46.0,0.0,0.0,0.0,4.0,0,0.0,0.0,0.0,0.0,0.0,25.0,0,0,25.0,1.0986122886681098,4.593300013417604,0.0,0,4.0
1319,대조,0,4.0,6.0,113.55,39.0,1.0,23.49,0.0,1.0,0,0.0,0.0,0.0,40.36,2.0,4.0,0,1,4.0,1.9459101490553132,4.741011408899505,0.2068692206076618,0,1.0
1344,대조,0,18.0,3.0,315.68,95.0,0.0,0.0,0.0,2.0,0,0.0,0.0,0.0,190.63,1.0,18.0,0,1,18.0,1.3862943611198906,5.757891800303233,0.0,0,2.0
1350,대조,0,10.0,3.0,325.77,192.0,0.0,0.0,0.0,3.0,0,0.0,0.0,0.0,212.42,8.0,10.0,0,1,10.0,1.3862943611198906,5.789256559506431,0.0,0,3.0
1351,대조,0,13.0,8.0,69.12,28.0,0.0,0.0,0.0,2.0,0,0.0,0.0,0.0,74.74000000000001,4.0,13.0,0,1,13.0,2.1972245773362196,4.250208060053033,0.0,0,2.0
1369,대조,0,9.0,16.0,284.72,113.0,0.0,0.0,0.0,2.0,1,0.0,0.0,0.0,174.95000000000002,8.0,9.0,0,1,9.0,2.833213344056216,5.6550123102867715,0.0,0,2.0
1374,대조,0,6.0,10.0,320.56,133.0,0.0,0.0,0.0,3.0,0,0.0,0.0,0.0,56.07,2.0,6.0,0,1,6.0,2.3978952727983707,5.77318415145976,0.0,0,3.0
1387,대조,0,10.0,7.0,155.7,74.0,0.0,0.0,0.0,1.0,0,0.0,0.0,0.0,146.53,3.0,10.0,0,1,10.0,2.0794415416798357,5.054333149361975,0.0,0,1.0
1389,대조,0,9.0,12.0,795.66,247.0,0.0,0.0,0.0,1.0,1,0.0,0.0,0.0,227.38,3.0,9.0,0,1,9.0,2.5649493574615367,6.680427988021596,0.0,0,1.0
1405,대조,0,1.0,5.0,307.29,91.0,2.0,38.78,0.0,2.0,0,0.0,0.0,0.0,125.92,3.0,1.0,0,1,1.0,1.791759469228055,5.731040898427028,0.12620000650850988,0,2.0
1424,대조,0,1.0,7.0,60.78,35.0,0.0,0.0,0.0,1.0,0,0.0,0.0,0.0,101.62,7.0,1.0,0,1,1.0,2.0794415416798357,4.123579687490436,0.0,0,1.0
1426,대조,0,21.0,4.0,178.31,50.0,1.0,43.98,0.0,2.0,0,0.0,0.0,0.0,57.4,2.0,21.0,0,1,21.0,1.6094379124341003,5.1891161515042725,0.24664909427401713,0,2.0
1429,대조,0,11.0,13.0,97.67999999999999,65.0,0.0,0.0,0.0,1.0,1,0.0,0.0,0.0,44.29,6.0,11.0,0,1,11.0,2.6390573296152584,4.591882291661156,0.0,0,1.0
1438,대조,0,28.0,7.0,209.56,69.0,0.0,0.0,0.0,1.0,1,0.0,0.0,0.0,0.0,0.0,28.0,0,0,28.0,2.0794415416798357,5.3497706481369525,0.0,0,1.0
1447,처치,1,26.0,3.0,95.83,65.0,4.0,10.8,0.0,0.0,0,25.759999999999998,47.0,23.0,46.35,5.0,26.0,1,1,26.0,1.3862943611198906,4.57295686362344,0.11269957215903163,0,0.0
1456,대조,0,58.0,1.0,5.49,1.0,0.0,0.0,0.0,1.0,0,0.0,0.0,0.0,4.19,1.0,58.0,0,1,58.0,0.6931471805599453,1.8702625307159986,0.0,0,1.0
1473,대조,0,1.0,20.0,685.14,260.0,0.0,0.0,0.0,5.0,0,0.0,0.0,0.0,288.64,9.0,1.0,0,1,1.0,3.044522437723423,6.531081688536715,0.0,0,5.0
1479,처치,1,2.0,97.0,1393.93,91902.0,1.0,1.03,0.0,0.0,1,0.0,0.0,0.0,612.57,40.0,2.0,0,1,2.0,4.584967478670572,7.240599513784978,0.0007389180231431995,0,0.0
1485,대조,0,6.0,8.0,368.28000000000003,81.0,0.0,0.0,3.0,3.0,1,0.0,0.0,0.0,31.23,2.0,6.0,0,1,6.0,2.1972245773362196,5.91155516387968,0.0,1,3.0
1492,대조,0,3.0,14.0,119.9,81.0,0.0,0.0,0.0,3.0,1,0.0,0.0,0.0,75.46,4.0,3.0,0,1,3.0,2.70805020110221,4.794963757620747,0.0,0,3.0
1493,대조,0,19.0,5.0,133.72,25614.0,0.0,0.0,0.0,1.0,0,0.0,0.0,0.0,13.97,1.0,19.0,0,1,19.0,1.791759469228055,4.903198550494016,0.0,0,1.0
1499,대조,0,1.0,13.0,349.07,142.0,0.0,0.0,0.0,1.0,1,0.0,0.0,0.0,64.94,3.0,1.0,0,1,1.0,2.6390573296152584,5.858133134486126,0.0,0,1.0
1502,대조,0,6.0,2.0,74.53,7.0,0.0,0.0,0.0,4.0,0,0.0,0.0,0.0,35.49,2.0,6.0,0,1,6.0,1.0986122886681098,4.324529928325356,0.0,0,4.0
1508,대조,0,9.0,12.0,209.41000000000003,89.0,0.0,0.0,4.0,2.0,0,0.0,0.0,0.0,65.41,2.0,9.0,0,1,9.0,2.5649493574615367,5.349058008251221,0.0,1,2.0
1512,대조,0,8.0,8.0,195.27,68035.0,0.0,0.0,0.0,1.0,0,0.0,0.0,0.0,111.50999999999999,8.0,8.0,0,1,8.0,2.1972245773362196,5.279491262297988,0.0,0,1.0
1518,대조,0,44.0,1.0,3.01,1.0,0.0,0.0,0.0,1.0,0,0.0,0.0,0.0,47.65,2.0,44.0,0,1,44.0,0.6931471805599453,1.3887912413184778,0.0,0,1.0
1524,대조,0,8.0,10.0,459.79,55563.0,0.0,0.0,0.0,1.0,1,0.0,0.0,0.0,172.35,3.0,8.0,0,1,8.0,2.3978952727983707,6.132942407757314,0.0,0,1.0
1530,대조,0,23.0,2.0,45.3,17674.0,0.0,0.0,0.0,1.0,0,0.0,0.0,0.0,98.21000000000001,6.0,23.0,0,1,23.0,1.0986122886681098,3.835141961092188,0.0,0,1.0
1544,대조,0,57.0,4.0,111.49,28245.0,0.0,0.0,0.0,4.0,0,0.0,0.0,0.0,42.91,1.0,57.0,0,1,57.0,1.6094379124341003,4.722864328804734,0.0,0,4.0
1551,대조,0,,0.0,0.0,0.0,0.0,0.0,0.0,1.0,0,0.0,0.0,0.0,0.0,0.0,90.0,0,0,90.0,0.0,0.0,0.0,0,1.0
1567,대조,0,1.0,41.0,421.71,294.0,0.0,0.0,0.0,2.0,1,0.0,0.0,0.0,97.65,10.0,1.0,0,1,1.0,3.7376696182833684,6.046686364733176,0.0,0,2.0
1569,대조,0,28.0,6.0,60.58,35.0,0.0,0.0,0.0,2.0,0,0.0,0.0,0.0,0.0,0.0,28.0,0,0,28.0,1.9459101490553132,4.120337142496354,0.0,0,2.0
1587,대조,0,4.0,7.0,73.89,30.0,0.0,0.0,0.0,1.0,0,0.0,0.0,0.0,0.0,0.0,4.0,0,0,4.0,2.0794415416798357,4.316020370261276,0.0,0,1.0
1593,대조,0,6.0,7.0,176.21,16239.0,0.0,0.0,0.0,1.0,0,0.0,0.0,0.0,12.87,1.0,6.0,0,1,6.0,2.0794415416798357,5.177335469987254,0.0,0,1.0
1594,처치,1,5.0,30.0,764.21,23943.0,0.0,0.0,0.0,0.0,0,0.0,0.0,0.0,192.92,12.0,5.0,0,1,5.0,3.4339872044851463,6.640150305959535,0.0,0,0.0
1601,대조,0,,0.0,0.0,0.0,0.0,0.0,0.0,2.0,0,0.0,0.0,0.0,0.0,0.0,90.0,0,0,90.0,0.0,0.0,0.0,0,2.0
1615,대조,0,14.0,7.0,32.51,28.0,0.0,0.0,0.0,1.0,0,0.0,0.0,0.0,0.0,0.0,14.0,0,0,14.0,2.0794415416798357,3.511843901749219,0.0,0,1.0
1622,대조,0,2.0,12.0,523.63,10233.0,0.0,0.0,0.0,3.0,0,0.0,0.0,0.0,326.1,7.0,2.0,0,1,2.0,2.5649493574615367,6.262693252225446,0.0,0,3.0
1634,대조,0,7.0,6.0,136.99,84.0,0.0,0.0,0.0,4.0,1,0.0,0.0,0.0,356.23,6.0,7.0,0,1,7.0,1.9459101490553132,4.927181218763463,0.0,0,4.0
1646,대조,0,32.0,3.0,144.77,41.0,1.0,23.79,0.0,1.0,0,0.0,0.0,0.0,0.0,0.0,32.0,0,0,32.0,1.3862943611198906,4.982030037085921,0.1643296263037922,0,1.0
1660,대조,0,7.0,8.0,147.54,70.0,0.0,0.0,0.0,1.0,0,0.0,0.0,0.0,65.39,2.0,7.0,0,1,7.0,2.1972245773362196,5.00085428224115,0.0,0,1.0
1667,대조,0,18.0,2.0,9.86,3.0,0.0,0.0,0.0,1.0,0,0.0,0.0,0.0,38.92,1.0,18.0,0,1,18.0,1.0986122886681098,2.3850863145057892,0.0,0,1.0
1668,대조,0,3.0,19.0,431.99,148.0,0.0,0.0,0.0,2.0,0,0.0,0.0,0.0,131.0,5.0,3.0,0,1,3.0,2.995732273553991,6.070714633047582,0.0,0,2.0
1671,대조,0,18.0,1.0,45.86,17.0,0.0,0.0,0.0,2.0,0,0.0,0.0,0.0,77.62,1.0,18.0,0,1,18.0,0.6931471805599453,3.8471644330796497,0.0,0,2.0
1672,대조,0,8.0,9.0,277.96000000000004,160.0,0.0,0.0,0.0,2.0,0,0.0,0.0,0.0,119.48,6.0,8.0,0,1,8.0,2.302585092994046,5.631068402367396,0.0,0,2.0
1681,대조,0,3.0,16.0,579.23,8548.0,0.0,0.0,0.0,2.0,0,0.0,0.0,0.0,159.47,6.0,3.0,0,1,3.0,2.833213344056216,6.3634245766587485,0.0,0,2.0
1683,대조,0,5.0,9.0,316.45,128.0,0.0,0.0,0.0,4.0,0,0.0,0.0,0.0,92.37,3.0,5.0,0,1,5.0,2.302585092994046,5.760320325616459,0.0,0,4.0
1685,대조,0,2.0,6.0,92.57,35.0,0.0,0.0,0.0,2.0,0,0.0,0.0,0.0,43.81,5.0,2.0,0,1,2.0,1.9459101490553132,4.5387098192878215,0.0,0,2.0
1686,대조,0,5.0,18.0,217.88,137.0,0.0,0.0,0.0,1.0,1,0.0,0.0,0.0,72.0,7.0,5.0,0,1,5.0,2.9444389791664403,5.388523634434185,0.0,0,1.0
1695,대조,0,1.0,23.0,140.01,96.0,0.0,0.0,0.0,1.0,1,0.0,0.0,0.0,8.56,4.0,1.0,0,1,1.0,3.1780538303479458,4.948830809849139,0.0,0,1.0
1709,대조,0,21.0,13.0,292.09,12355.0,0.0,0.0,0.0,1.0,1,0.0,0.0,0.0,113.19,2.0,21.0,0,1,21.0,2.6390573296152584,5.680479729086366,0.0,0,1.0
1729,대조,0,10.0,8.0,164.72,61.0,0.0,0.0,0.0,6.0,0,0.0,0.0,0.0,52.95,3.0,10.0,0,1,10.0,2.1972245773362196,5.1102996172092015,0.0,0,6.0
1733,대조,0,2.0,8.0,476.28000000000003,150.0,0.0,0.0,0.0,2.0,0,0.0,0.0,0.0,116.53,2.0,2.0,0,1,2.0,2.1972245773362196,6.168103320766439,0.0,0,2.0
1744,처치,1,4.0,7.0,78.7,29.0,1.0,23.49,0.0,0.0,0,5.37,6.0,3.0,81.46000000000001,4.0,4.0,1,1,4.0,2.0794415416798357,4.378269585796169,0.2984752223634053,0,0.0
1747,대조,0,6.0,4.0,186.37,9061.0,0.0,0.0,0.0,4.0,0,0.0,0.0,0.0,149.37,6.0,6.0,0,1,6.0,1.6094379124341003,5.233085271610421,0.0,0,4.0
1768,대조,0,12.0,5.0,112.83,65.0,0.0,0.0,0.0,1.0,0,0.0,0.0,0.0,145.44,6.0,12.0,0,1,12.0,1.791759469228055,4.734706107337125,0.0,0,1.0
1792,대조,0,1.0,6.0,98.99,4567.0,0.0,0.0,0.0,1.0,0,0.0,0.0,0.0,401.82,16.0,1.0,0,1,1.0,1.9459101490553132,4.605070180987758,0.0,0,1.0
1798,대조,0,1.0,5.0,347.02,167.0,0.0,0.0,0.0,1.0,0,28.99,1.0,1.0,245.66,4.0,1.0,1,1,1.0,1.791759469228055,5.852259949387432,0.0,0,1.0
1800,대조,0,14.0,9.0,414.64,83924.0,0.0,0.0,0.0,1.0,1,0.0,0.0,0.0,78.88,4.0,14.0,0,1,14.0,2.302585092994046,6.029819500984446,0.0,0,1.0
1808,대조,0,6.0,8.0,110.96000000000001,37.0,0.0,0.0,0.0,3.0,0,0.0,0.0,0.0,125.66,7.0,6.0,0,1,6.0,2.1972245773362196,4.718141664647253,0.0,0,3.0
1809,대조,0,4.0,9.0,254.14,137.0,0.0,0.0,0.0,1.0,0,0.0,0.0,0.0,66.85,4.0,4.0,0,1,4.0,2.302585092994046,5.541812414110144,0.0,0,1.0
1815,대조,0,10.0,27.0,1072.55,99444.0,0.0,0.0,0.0,0.0,1,0.0,0.0,0.0,500.92,11.0,10.0,0,1,10.0,3.332204510175204,6.978726192852716,0.0,0,0.0
1818,대조,0,18.0,5.0,39.33,10.0,0.0,0.0,0.0,1.0,0,0.0,0.0,0.0,50.86,6.0,18.0,0,1,18.0,1.791759469228055,3.697095608885277,0.0,0,1.0
1825,대조,0,10.0,7.0,257.87,23657.0,0.0,0.0,0.0,1.0,0,0.0,0.0,0.0,0.0,0.0,10.0,0,0,10.0,2.0794415416798357,5.556326005188326,0.0,0,1.0
1826,대조,0,5.0,13.0,172.44,145.0,0.0,0.0,0.0,1.0,0,0.0,0.0,0.0,58.02,6.0,5.0,0,1,5.0,2.6390573296152584,5.155831718251282,0.0,0,1.0
1828,대조,0,33.0,4.0,130.35,63.0,0.0,0.0,0.0,6.0,0,0.0,0.0,0.0,0.0,0.0,33.0,0,0,33.0,1.6094379124341003,4.877865516131549,0.0,0,6.0
1839,처치,1,1.0,25.0,400.23,196.0,29.0,83.95,0.0,0.0,0,57.949999999999996,10.0,10.0,139.4,9.0,1.0,1,1,1.0,3.258096538021482,5.9945348289652,0.2097543912250456,0,0.0
1852,대조,0,11.0,6.0,149.6,44.0,1.0,7.77,0.0,8.0,0,0.0,0.0,0.0,11.530000000000001,2.0,11.0,0,1,11.0,1.9459101490553132,5.014627315365793,0.051938502673796794,0,6.0
1857,대조,0,30.0,21.0,167.44,14376.0,0.0,0.0,0.0,1.0,0,0.0,0.0,0.0,27.13,4.0,30.0,0,1,30.0,3.091042453358316,5.126579603293727,0.0,0,1.0
1859,대조,0,4.0,3.0,120.41,42.0,0.0,0.0,0.0,1.0,0,0.0,0.0,0.0,0.0,0.0,4.0,0,0,4.0,1.3862943611198906,4.799173247555884,0.0,0,1.0
1861,대조,0,6.0,28.0,327.62,215.0,0.0,0.0,0.0,5.0,1,0.0,0.0,0.0,88.75,2.0,6.0,0,1,6.0,3.367295829986474,5.794902068023685,0.0,0,5.0
1877,대조,0,4.0,12.0,512.23,179.0,0.0,0.0,0.0,0.0,0,0.0,0.0,0.0,0.0,0.0,4.0,0,0,4.0,2.5649493574615367,6.2407240877749635,0.0,0,0.0
1887,대조,0,4.0,18.0,165.3,79.0,0.0,0.0,0.0,1.0,0,0.0,0.0,0.0,58.18,10.0,4.0,0,1,4.0,2.9444389791664403,5.113793386198882,0.0,0,1.0
1895,대조,0,17.0,4.0,75.81,32.0,0.0,0.0,0.0,2.0,0,0.0,0.0,0.0,50.69,2.0,17.0,0,1,17.0,1.6094379124341003,4.341334840010591,0.0,0,2.0
1912,대조,0,3.0,8.0,247.96,160.0,0.0,0.0,0.0,2.0,0,0.0,0.0,0.0,33.54,2.0,3.0,0,1,3.0,2.1972245773362196,5.5172922409900265,0.0,0,2.0
1918,대조,0,,0.0,0.0,0.0,0.0,0.0,0.0,2.0,0,0.0,0.0,0.0,400.33,7.0,90.0,0,1,90.0,0.0,0.0,0.0,0,2.0
1940,대조,0,5.0,5.0,148.37,74.0,0.0,0.0,0.0,2.0,0,0.0,0.0,0.0,38.8,2.0,5.0,0,1,5.0,1.791759469228055,5.006426449322201,0.0,0,2.0
1950,처치,1,1.0,6.0,92.21000000000001,33.0,0.0,0.0,0.0,0.0,0,12.99,1.0,1.0,242.07,6.0,1.0,1,1,1.0,1.9459101490553132,4.5348550120730655,0.0,0,0.0
1959,대조,0,13.0,22.0,983.7,65398.0,0.0,0.0,1.0,3.0,0,0.0,0.0,0.0,0.0,0.0,13.0,0,0,13.0,3.1354942159291497,6.892337026253756,0.0,1,3.0
1961,처치,1,4.0,16.0,194.92000000000002,77.0,0.0,0.0,0.0,2.0,0,0.0,0.0,0.0,72.0,8.0,4.0,0,1,4.0,2.833213344056216,5.277706412643912,0.0,0,2.0
1962,대조,0,1.0,36.0,959.71,67449.0,0.0,0.0,0.0,1.0,1,0.0,0.0,0.0,228.81,8.0,1.0,0,1,1.0,3.6109179126442243,6.8676725944382335,0.0,0,1.0
1963,대조,0,3.0,6.0,435.0,215.0,0.0,0.0,0.0,2.0,0,0.0,0.0,0.0,0.0,0.0,3.0,0,0,3.0,1.9459101490553132,6.077642243349034,0.0,0,2.0
1981,대조,0,2.0,19.0,272.18,161.0,0.0,0.0,0.0,1.0,0,0.0,0.0,0.0,73.55,8.0,2.0,0,1,2.0,2.995732273553991,5.610130918574746,0.0,0,1.0
1982,대조,0,4.0,30.0,687.27,63451.0,0.0,0.0,0.0,2.0,1,0.0,0.0,0.0,308.59,12.0,4.0,0,1,4.0,3.4339872044851463,6.534181202808643,0.0,0,2.0
1988,대조,0,2.0,29.0,1126.3700000000001,39503.0,0.0,0.0,0.0,1.0,0,0.0,0.0,0.0,571.37,8.0,2.0,0,1,2.0,3.4011973816621555,7.027642765394543,0.0,0,1.0
1993,대조,0,2.0,7.0,55.81,28.0,0.0,0.0,0.0,1.0,0,0.0,0.0,0.0,40.27,5.0,2.0,0,1,2.0,2.0794415416798357,4.039712366569035,0.0,0,1.0
2002,대조,0,13.0,8.0,616.85,20963.0,0.0,0.0,0.0,1.0,1,0.0,0.0,0.0,263.68,7.0,13.0,0,1,13.0,2.1972245773362196,6.4262457095502,0.0,0,1.0
2009,대조,0,,0.0,0.0,0.0,0.0,0.0,0.0,1.0,0,0.0,0.0,0.0,0.0,0.0,90.0,0,0,90.0,0.0,0.0,0.0,0,1.0
2013,대조,0,35.0,12.0,72.28999999999999,40.0,0.0,0.0,0.0,2.0,1,0.0,0.0,0.0,2.99,1.0,35.0,0,1,35.0,2.5649493574615367,4.294424173937759,0.0,0,2.0
2014,대조,0,24.0,5.0,166.57,113.0,0.0,0.0,0.0,1.0,0,0.0,0.0,0.0,11.52,1.0,24.0,0,1,24.0,1.791759469228055,5.121401174412632,0.0,0,1.0
2016,대조,0,41.0,5.0,30.25,27.0,0.0,0.0,0.0,2.0,0,0.0,0.0,0.0,0.0,0.0,41.0,0,0,41.0,1.791759469228055,3.4420193761824107,0.0,0,2.0
2021,대조,0,9.0,7.0,64.3,31.0,0.0,0.0,0.0,1.0,0,0.0,0.0,0.0,60.02,3.0,9.0,0,1,9.0,2.0794415416798357,4.178992036282385,0.0,0,1.0
2032,대조,0,,0.0,0.0,0.0,0.0,0.0,0.0,1.0,0,0.0,0.0,0.0,0.0,0.0,90.0,0,0,90.0,0.0,0.0,0.0,0,1.0
2035,대조,0,21.0,6.0,28.41,22.0,0.0,0.0,0.0,1.0,0,0.0,0.0,0.0,18.19,1.0,21.0,0,1,21.0,1.9459101490553132,3.3813347525659037,0.0,0,1.0
2036,대조,0,5.0,8.0,843.4300000000001,286.0,1.0,3.0,0.0,2.0,0,28.799999999999997,6.0,4.0,341.39,5.0,5.0,1,1,5.0,2.1972245773362196,6.738661843528749,0.0035569045445383728,0,2.0
2039,대조,0,,0.0,0.0,0.0,0.0,0.0,0.0,1.0,0,0.0,0.0,0.0,0.0,0.0,90.0,0,0,90.0,0.0,0.0,0.0,0,1.0
2043,대조,0,1.0,13.0,277.81,150.0,0.0,0.0,0.0,0.0,0,0.0,0.0,0.0,165.94,7.0,1.0,0,1,1.0,2.6390573296152584,5.630530546248866,0.0,0,0.0
2044,대조,0,24.0,4.0,80.16,46.0,0.0,0.0,0.0,2.0,0,0.0,0.0,0.0,0.0,0.0,24.0,0,0,24.0,1.6094379124341003,4.396422514957614,0.0,0,2.0
2046,대조,0,59.0,1.0,0.34,1.0,0.0,0.0,0.0,1.0,0,0.0,0.0,0.0,3.99,1.0,59.0,0,1,59.0,0.6931471805599453,0.29266961396282,0.0,0,1.0
2057,대조,0,7.0,21.0,555.85,60750.0,1.0,5.49,1.0,2.0,1,0.0,0.0,0.0,147.47,5.0,7.0,0,1,7.0,3.091042453358316,6.322295903839109,0.009876765314383376,1,2.0
2059,대조,0,19.0,8.0,312.34000000000003,192.0,0.0,0.0,0.0,1.0,0,0.0,0.0,0.0,0.0,0.0,19.0,0,0,19.0,2.1972245773362196,5.747288862965341,0.0,0,1.0
2063,대조,0,13.0,8.0,262.62,115.0,0.0,0.0,0.0,2.0,1,0.0,0.0,0.0,163.98,2.0,13.0,0,1,13.0,2.1972245773362196,5.57450867228432,0.0,0,2.0
2066,대조,0,27.0,11.0,180.35999999999999,32.0,0.0,0.0,0.0,5.0,0,0.0,0.0,0.0,0.0,0.0,27.0,0,0,27.0,2.4849066497880004,5.200484006199273,0.0,0,5.0
2069,대조,0,9.0,20.0,391.19,2589.0,0.0,0.0,0.0,3.0,1,0.0,0.0,0.0,29.3,3.0,9.0,0,1,9.0,3.044522437723423,5.971746416241879,0.0,0,3.0
2074,대조,0,4.0,2.0,26.02,9.0,0.0,0.0,0.0,1.0,0,0.0,0.0,0.0,0.0,0.0,4.0,0,0,4.0,1.0986122886681098,3.2965773325320527,0.0,0,1.0
2078,대조,0,3.0,2.0,47.849999999999994,14.0,0.0,0.0,0.0,5.0,0,0.0,0.0,0.0,76.36,2.0,3.0,0,1,3.0,1.0986122886681098,3.8887543784887915,0.0,0,5.0
2081,대조,0,18.0,3.0,179.64000000000001,125.0,0.0,0.0,0.0,1.0,0,0.0,0.0,0.0,0.0,0.0,18.0,0,0,18.0,1.3862943611198906,5.196506100401352,0.0,0,1.0
2098,대조,0,46.0,1.0,162.51,48.0,0.0,0.0,0.0,1.0,0,0.0,0.0,0.0,26.67,2.0,46.0,0,1,46.0,0.6931471805599453,5.096874150546495,0.0,0,1.0
2111,대조,0,3.0,15.0,313.16,23766.0,0.0,0.0,0.0,5.0,1,0.0,0.0,0.0,34.54,4.0,3.0,0,1,3.0,2.772588722239781,5.749902410269755,0.0,0,5.0
2116,대조,0,5.0,24.0,1147.29,533.0,0.0,0.0,0.0,5.0,1,0.0,0.0,0.0,445.32,12.0,5.0,0,1,5.0,3.2188758248682006,7.046029158218578,0.0,0,5.0
2121,대조,0,1.0,19.0,978.55,70602.0,0.0,0.0,0.0,4.0,1,0.0,0.0,0.0,306.52,9.0,1.0,0,1,1.0,2.995732273553991,6.887093282534041,0.0,0,4.0
2137,대조,0,1.0,44.0,643.93,53254.0,0.0,0.0,0.0,3.0,0,0.0,0.0,0.0,96.07000000000001,10.0,1.0,0,1,1.0,3.8066624897703196,6.469141783774494,0.0,0,3.0
2138,대조,0,1.0,6.0,135.91,87.0,4.0,3.96,0.0,3.0,0,0.0,0.0,0.0,139.99,2.0,1.0,0,1,1.0,1.9459101490553132,4.9193237756456645,0.029136928849974247,0,3.0
2145,대조,0,12.0,7.0,144.09,15587.0,1.0,9.99,0.0,1.0,0,0.0,0.0,0.0,0.0,0.0,12.0,0,0,12.0,2.0794415416798357,4.977354239527593,0.0693316677076827,0,1.0
2146,대조,0,1.0,5.0,251.36,107.0,0.0,0.0,0.0,2.0,0,0.0,0.0,0.0,69.23,1.0,1.0,0,1,1.0,1.791759469228055,5.530856639502609,0.0,0,2.0
2149,처치,1,4.0,22.0,685.13,84224.0,1.0,4.98,0.0,3.0,0,0.0,0.0,0.0,238.51999999999998,7.0,4.0,0,1,4.0,3.1354942159291497,6.531067114145378,0.007268693532614249,0,3.0
2159,대조,0,11.0,10.0,303.42,4041.0,0.0,0.0,0.0,1.0,0,0.0,0.0,0.0,31.27,2.0,11.0,0,1,11.0,2.3978952727983707,5.718408326851521,0.0,0,1.0
2161,대조,0,6.0,8.0,442.38,29937.0,0.0,0.0,0.0,1.0,0,0.0,0.0,0.0,220.75,5.0,6.0,0,1,6.0,2.1972245773362196,6.094427190165807,0.0,0,1.0
2164,대조,0,,0.0,0.0,0.0,0.0,0.0,0.0,3.0,0,0.0,0.0,0.0,0.0,0.0,90.0,0,0,90.0,0.0,0.0,0.0,0,3.0
2179,대조,0,25.0,7.0,338.86,93.0,0.0,0.0,0.0,1.0,1,0.0,0.0,0.0,36.849999999999994,1.0,25.0,0,1,25.0,2.0794415416798357,5.8285337681059595,0.0,0,1.0
2181,대조,0,1.0,26.0,1384.21,538.0,3.0,6.18,0.0,1.0,1,0.0,0.0,0.0,467.05,6.0,1.0,0,1,1.0,3.295836866004329,7.2336070316763355,0.004464640480851894,0,1.0
2182,대조,0,11.0,12.0,181.38,81.0,0.0,0.0,0.0,4.0,1,0.0,0.0,0.0,7.85,1.0,11.0,0,1,11.0,2.5649493574615367,5.206092422505519,0.0,0,4.0
2187,대조,0,10.0,3.0,258.09,136.0,0.0,0.0,0.0,1.0,0,0.0,0.0,0.0,118.44,1.0,10.0,0,1,10.0,1.3862943611198906,5.55717549168624,0.0,0,1.0
2210,대조,0,38.0,4.0,585.59,229.0,0.0,0.0,0.0,3.0,0,0.0,0.0,0.0,0.0,0.0,38.0,0,0,38.0,1.6094379124341003,6.374326109006293,0.0,0,3.0
2213,대조,0,3.0,2.0,113.89,39.0,0.0,0.0,0.0,3.0,0,0.0,0.0,0.0,28.01,2.0,3.0,0,1,3.0,1.0986122886681098,4.743975148865274,0.0,0,3.0
2223,대조,0,1.0,12.0,95.42,36.0,0.0,0.0,0.0,3.0,0,0.0,0.0,0.0,103.08,8.0,1.0,0,1,1.0,2.5649493574615367,4.568713648977476,0.0,0,3.0
2230,대조,0,4.0,10.0,346.48,151.0,0.0,0.0,0.0,1.0,0,0.0,0.0,0.0,58.05,3.0,4.0,0,1,4.0,2.3978952727983707,5.85070710939172,0.0,0,1.0
2239,대조,0,5.0,3.0,87.93,43.0,0.0,0.0,0.0,1.0,0,0.0,0.0,0.0,118.96000000000001,1.0,5.0,0,1,5.0,1.3862943611198906,4.487849543411548,0.0,0,1.0
2243,대조,0,8.0,9.0,938.39,331.0,1.0,12.99,0.0,2.0,1,0.0,0.0,0.0,189.5,4.0,8.0,0,1,8.0,2.302585092994046,6.845230728443623,0.013842858512985006,0,2.0
2247,대조,0,3.0,10.0,567.99,212.0,0.0,0.0,0.0,1.0,0,0.0,0.0,0.0,331.04,12.0,3.0,0,1,3.0,2.3978952727983707,6.343862859279452,0.0,0,1.0
2248,대조,0,3.0,2.0,31.15,17.0,0.0,0.0,0.0,1.0,0,0.0,0.0,0.0,42.13,4.0,3.0,0,1,3.0,1.0986122886681098,3.4704124506836282,0.0,0,1.0
2251,대조,0,10.0,4.0,367.29,181.0,1.0,1.0,0.0,1.0,0,0.0,0.0,0.0,6.37,1.0,10.0,0,1,10.0,1.6094379124341003,5.908870671303962,0.002722644232078194,0,1.0
2252,대조,0,1.0,85.0,1687.43,148205.0,0.0,0.0,0.0,0.0,1,0.0,0.0,0.0,745.81,37.0,1.0,0,1,1.0,4.454347296253507,7.43155438205184,0.0,0,0.0
2258,대조,0,3.0,4.0,147.47,52.0,0.0,0.0,0.0,1.0,0,0.0,0.0,0.0,154.72,2.0,3.0,0,1,3.0,1.6094379124341003,5.000382917631905,0.0,0,1.0
2273,대조,0,16.0,7.0,205.06,68.0,0.0,0.0,0.0,1.0,0,0.0,0.0,0.0,128.19,4.0,16.0,0,1,16.0,2.0794415416798357,5.328167388516922,0.0,0,1.0
2286,대조,0,14.0,3.0,142.57,47.0,0.0,0.0,0.0,1.0,0,0.0,0.0,0.0,54.43,2.0,14.0,0,1,14.0,1.3862943611198906,4.966822721139603,0.0,0,1.0
2293,처치,1,11.0,5.0,323.98,115.0,0.0,0.0,0.0,0.0,0,47.48,31.0,23.0,316.92,5.0,11.0,1,1,11.0,1.791759469228055,5.78376364197463,0.0,0,0.0
2299,대조,0,9.0,4.0,221.74,135.0,0.0,0.0,0.0,1.0,0,0.0,0.0,0.0,63.71,1.0,9.0,0,1,9.0,1.6094379124341003,5.406005171964954,0.0,0,1.0
2302,대조,0,2.0,10.0,249.6,142.0,0.0,0.0,0.0,2.0,1,0.0,0.0,0.0,66.15,5.0,2.0,0,1,2.0,2.3978952727983707,5.523858042461968,0.0,0,2.0
2316,대조,0,26.0,2.0,53.37,18.0,0.0,0.0,0.0,1.0,0,0.0,0.0,0.0,0.0,0.0,26.0,0,0,26.0,1.0986122886681098,3.995812531157829,0.0,0,1.0
2319,대조,0,39.0,5.0,162.7,50.0,0.0,0.0,0.0,2.0,0,0.0,0.0,0.0,99.32,5.0,39.0,0,1,39.0,1.791759469228055,5.098035484377089,0.0,0,2.0
2327,대조,0,37.0,1.0,11.71,4.0,2.0,7.99,0.0,1.0,0,0.0,0.0,0.0,20.01,1.0,37.0,0,1,37.0,0.6931471805599453,2.542389085201363,0.6823228010247652,0,1.0
2336,대조,0,7.0,14.0,159.17,76.0,0.0,0.0,0.0,2.0,0,0.0,0.0,0.0,223.4,7.0,7.0,0,1,7.0,2.70805020110221,5.076235751180205,0.0,0,2.0
2338,대조,0,9.0,8.0,252.95,11378.0,0.0,0.0,0.0,1.0,0,0.0,0.0,0.0,87.31,3.0,9.0,0,1,9.0,2.1972245773362196,5.537137397247254,0.0,0,1.0
2345,대조,0,1.0,10.0,221.0,84.0,0.0,0.0,0.0,5.0,0,0.0,0.0,0.0,256.79,5.0,1.0,0,1,1.0,2.3978952727983707,5.402677381872279,0.0,0,5.0
2346,대조,0,15.0,4.0,206.33,76.0,0.0,0.0,0.0,1.0,0,0.0,0.0,0.0,90.91,1.0,15.0,0,1,15.0,1.6094379124341003,5.334311726771412,0.0,0,1.0
2356,대조,0,59.0,5.0,53.48,23.0,0.0,0.0,0.0,2.0,0,0.0,0.0,0.0,36.26,2.0,59.0,0,1,59.0,1.791759469228055,3.997833661841257,0.0,0,2.0
2372,대조,0,11.0,14.0,512.42,262.0,1.0,9.99,0.0,2.0,0,76.34,6.0,6.0,302.98,9.0,11.0,1,1,11.0,2.70805020110221,6.241094223658019,0.019495726162132628,0,2.0
2379,대조,0,8.0,3.0,150.41,68.0,0.0,0.0,0.0,2.0,0,0.0,0.0,0.0,70.29,2.0,8.0,0,1,8.0,1.3862943611198906,5.019991389020281,0.0,0,2.0
2384,대조,0,,0.0,0.0,0.0,0.0,0.0,0.0,1.0,0,0.0,0.0,0.0,0.0,0.0,90.0,0,0,90.0,0.0,0.0,0.0,0,1.0
2385,대조,0,4.0,17.0,540.17,30419.0,0.0,0.0,0.0,3.0,0,0.0,0.0,0.0,80.75,4.0,4.0,0,1,4.0,2.8903717578961645,6.293733462387697,0.0,0,3.0
2388,대조,0,14.0,14.0,259.19,98.0,17.0,9.46,0.0,1.0,0,11.200000000000001,28.0,21.0,197.48,5.0,14.0,1,1,14.0,2.70805020110221,5.561412133364474,0.036498321694509825,0,1.0
2390,대조,0,8.0,11.0,274.03,15152.0,0.0,0.0,0.0,2.0,1,0.0,0.0,0.0,2.76,1.0,8.0,0,1,8.0,2.4849066497880004,5.616880182625682,0.0,0,2.0
2394,대조,0,3.0,8.0,85.73,32.0,0.0,0.0,0.0,1.0,0,0.0,0.0,0.0,69.69,4.0,3.0,0,1,3.0,2.1972245773362196,4.462799844696365,0.0,0,1.0
2410,대조,0,4.0,8.0,428.12,12920.0,0.0,0.0,0.0,4.0,0,0.0,0.0,0.0,68.98,3.0,4.0,0,1,4.0,2.1972245773362196,6.0617366000933135,0.0,0,4.0
2411,대조,0,19.0,12.0,308.85,109.0,0.0,0.0,0.0,2.0,1,0.0,0.0,0.0,0.0,0.0,19.0,0,0,19.0,2.5649493574615367,5.7360883094081165,0.0,0,2.0
2415,대조,0,53.0,1.0,3.31,5.0,0.0,0.0,0.0,1.0,0,0.0,0.0,0.0,11.120000000000001,1.0,53.0,0,1,53.0,0.6931471805599453,1.4609379041156565,0.0,0,1.0
2419,대조,0,3.0,8.0,106.22,7585.0,0.0,0.0,0.0,2.0,0,0.0,0.0,0.0,7.22,1.0,3.0,0,1,3.0,2.1972245773362196,4.674882798399391,0.0,0,2.0
2425,대조,0,16.0,6.0,159.15,18381.0,0.0,0.0,0.0,3.0,0,0.0,0.0,0.0,40.51,2.0,16.0,0,1,16.0,1.9459101490553132,5.076110876055167,0.0,0,3.0
2429,대조,0,35.0,8.0,74.18,44.0,0.0,0.0,0.0,1.0,0,0.0,0.0,0.0,151.93,5.0,35.0,0,1,35.0,2.1972245773362196,4.319885238136032,0.0,0,1.0
2430,대조,0,4.0,4.0,121.28,40.0,0.0,0.0,0.0,4.0,0,0.0,0.0,0.0,63.61,3.0,4.0,0,1,4.0,1.6094379124341003,4.806313497022634,0.0,0,4.0
2439,대조,0,10.0,7.0,21.88,17.0,0.0,0.0,0.0,1.0,0,0.0,0.0,0.0,1.0,1.0,10.0,0,1,10.0,2.0794415416798357,3.130263166511597,0.0,0,1.0
2440,대조,0,10.0,14.0,409.56,172.0,1.0,7.99,0.0,1.0,0,10.59,1.0,1.0,327.35,17.0,10.0,1,1,10.0,2.70805020110221,6.017522081427272,0.019508741087996877,0,1.0
2457,대조,0,10.0,16.0,335.9,160.0,0.0,0.0,0.0,1.0,0,0.0,0.0,0.0,99.76,3.0,10.0,0,1,10.0,2.833213344056216,5.819786150412507,0.0,0,1.0
2468,대조,0,6.0,7.0,119.45,74.0,0.0,0.0,0.0,2.0,0,0.0,0.0,0.0,17.51,2.0,6.0,0,1,6.0,2.0794415416798357,4.79123472906088,0.0,0,2.0
2474,대조,0,3.0,5.0,35.68,28.0,0.0,0.0,0.0,2.0,0,0.0,0.0,0.0,21.95,2.0,3.0,0,1,3.0,1.791759469228055,3.602231647388264,0.0,0,2.0
2477,대조,0,2.0,1.0,129.98,60.0,0.0,0.0,0.0,1.0,0,0.0,0.0,0.0,281.68,5.0,2.0,0,1,2.0,0.6931471805599453,4.875044639789907,0.0,0,1.0
2482,대조,0,14.0,9.0,286.85,162.0,0.0,0.0,0.0,3.0,0,0.0,0.0,0.0,141.65,2.0,14.0,0,1,14.0,2.302585092994046,5.662439511121819,0.0,0,3.0
2492,대조,0,3.0,30.0,561.48,29206.0,0.0,0.0,0.0,1.0,0,0.0,0.0,0.0,97.45,9.0,3.0,0,1,3.0,3.4339872044851463,6.3323555778909055,0.0,0,1.0
